entry_id,run_id,execution_trace
0,Baseline0,"{""answers"": [{""agent_type"": ""ResearchRouter"", ""message"": ""{\""route\"": \""CommonKnowledge\""}"", ""error"": null, ""evaluation_gt"": 1.0, ""perplexity"": 1.0020331032591188, ""total_time"": 3.6601108350005234, ""llm_time"": 0.8198331900002813, ""energy_consumed_kwh"": 5.970346685067405e-06, ""cpu_energy_kwh"": 7.7885914895883e-07, ""gpu_energy_kwh"": 0.0, ""ram_energy_kwh"": 5.191487536108575e-06, ""emissions_kg_co2"": 1.9745011149921224e-06}, {""agent_type"": ""CommonKnowledge"", ""message"": ""{\n  \""route\"": \""CommonKnowledge\""\n}"", ""error"": null, ""evaluation_gt"": 0.05, ""perplexity"": 1.0794214505737518, ""total_time"": 2.3794317840001895, ""llm_time"": 0.8301308919999428, ""energy_consumed_kwh"": 5.8722354518180655e-06, ""cpu_energy_kwh"": 7.664249157047723e-07, ""gpu_energy_kwh"": 0.0, ""ram_energy_kwh"": 5.105810536113294e-06, ""emissions_kg_co2"": 1.942053964154367e-06}]}"
1,Baseline1,"{""answers"": [{""agent_type"": ""ResearchRouter"", ""message"": ""{\""route\"": \""WebSearch\""}"", ""error"": null, ""evaluation_gt"": 1.0, ""perplexity"": 1.0000046510157428, ""total_time"": 2.43102613299925, ""llm_time"": 0.8490751019999152, ""energy_consumed_kwh"": 5.932183567080099e-06, ""cpu_energy_kwh"": 7.74178978190977e-07, ""gpu_energy_kwh"": 0.0, ""ram_energy_kwh"": 5.158004588889122e-06, ""emissions_kg_co2"": 1.961879884937596e-06}, {""agent_type"": ""WebSearch"", ""message"": ""The current price of a Tesla Model 3 in Germany varies depending on the model and configuration. According to the latest sources:\n\n- The starting price for the Tesla Model 3 Rear-Wheel Drive (as of 2025) is approximately \u20ac36,990.\n- The Long Range version costs from \u20ac44,990 (rear-wheel) or \u20ac49,990 (all-wheel).\n- The Performance model is priced from \u20ac58,490.\n- The fair market value in Germany is around \u20ac52,500, with typical prices ranging from \u20ac43,500 to \u20ac61,500.\n\nFor the most accurate and up-to-date pricing, it is recommended to check Tesla's official website or authorized dealers.\n\nSources:\n- [Tesla Model 3 Prices, Leasing & Financing](https://www.model3.info/price)\n- [Market value estimate](https://001index.com/market-value/tesla-model-3-germany)"", ""error"": null, ""evaluation_gt"": 0.45, ""perplexity"": 1.119191368701607, ""total_time"": 8.007322897999984, ""llm_time"": 5.095095640001091, ""energy_consumed_kwh"": 1.6912908739913834e-05, ""cpu_energy_kwh"": 1.8780074260218574e-06, ""gpu_energy_kwh"": 0.0, ""ram_energy_kwh"": 1.503490131389198e-05, ""emissions_kg_co2"": 5.593403352646824e-06}, {""agent_type"": ""ResearchRouter"", ""message"": ""{\""route\"": \""Summary\""}"", ""error"": null, ""evaluation_gt"": 1.0, ""perplexity"": 1.0001201464496465, ""total_time"": 2.7117378900002223, ""llm_time"": 1.1280773510006838, ""energy_consumed_kwh"": 1.3226621150482595e-05, ""cpu_energy_kwh"": 1.7272594532634166e-06, ""gpu_energy_kwh"": 0.0, ""ram_energy_kwh"": 1.1499361697219179e-05, ""emissions_kg_co2"": 4.374281693645303e-06}, {""agent_type"": ""Summary"", ""message"": ""The current price of a Tesla Model 3 in Germany varies depending on the model and configuration. The starting price for the Tesla Model 3 Rear-Wheel Drive is approximately \u20ac36,990. The Long Range version costs from \u20ac44,990 (rear-wheel) or \u20ac49,990 (all-wheel), and the Performance model is priced from \u20ac58,490. The fair market value in Germany is around \u20ac52,500, with typical prices ranging from \u20ac43,500 to \u20ac61,500. For the most accurate and up-to-date pricing, it is recommended to check Tesla's official website or authorized dealers.\n\nSources:\n- [Tesla Model 3 Prices, Leasing & Financing](https://www.model3.info/price)\n- [Market value estimate](https://001index.com/market-value/tesla-model-3-germany)"", ""error"": null, ""evaluation_gt"": 0.62, ""perplexity"": 1.0295041016565893, ""total_time"": 3.8434653580006852, ""llm_time"": 2.285808796999845, ""energy_consumed_kwh"": 1.0175163597952278e-05, ""cpu_energy_kwh"": 1.0438031118402857e-06, ""gpu_energy_kwh"": 0.0, ""ram_energy_kwh"": 9.131360486111993e-06, ""emissions_kg_co2"": 3.3651097547875816e-06}]}"
2,Baseline2,"{""answers"": [{""agent_type"": ""ResearchRouter"", ""message"": ""{\""route\"": \""WebSearch\""}"", ""error"": null, ""evaluation_gt"": 1.0, ""perplexity"": 1.000010996518447, ""total_time"": 2.6487694409988762, ""llm_time"": 1.0732969739983673, ""energy_consumed_kwh"": 1.3047304382960301e-05, ""cpu_energy_kwh"": 1.7032869162932689e-06, ""gpu_energy_kwh"": 0.0, ""ram_energy_kwh"": 1.1344017466667032e-05, ""emissions_kg_co2"": 4.314978410923865e-06}, {""agent_type"": ""WebSearch"", ""message"": ""The Python 3.14 documentation for `asyncio.TaskGroup` states that it is a high-level API introduced in version 3.11, which provides a modern and reliable way to manage groups of asynchronous tasks. It acts as an asynchronous context manager that holds a group of tasks, allowing you to create and add tasks to the group using the `create_task()` method. When the context exits, all tasks within the group are awaited, ensuring they complete properly.\n\nKey features include:\n- Tasks can be added to the group during the context.\n- All tasks are awaited automatically when the context exits.\n- If any task fails with an exception (other than `asyncio.CancelledError`), the remaining tasks are canceled.\n- Exceptions from tasks are collected and raised as an `ExceptionGroup` or `BaseExceptionGroup`.\n- It supports passing additional keyword arguments to `loop.create_task()`.\n\nThe `asyncio.TaskGroup` enhances safety and correctness in concurrent task management by ensuring proper cleanup and exception handling.\n\nSources:\n- [Python 3.14 asyncio documentation on TaskGroup](https://docs.python.org/3/library/asyncio-task.html)"", ""error"": null, ""evaluation_gt"": 0.87, ""perplexity"": 1.221708842583802, ""total_time"": 12.557746418999159, ""llm_time"": 9.842760052999438, ""energy_consumed_kwh"": 2.224965570596195e-05, ""cpu_energy_kwh"": 2.9082373948474817e-06, ""gpu_energy_kwh"": 0.0, ""ram_energy_kwh"": 1.9341418311114466e-05, ""emissions_kg_co2"": 7.358361635764324e-06}, {""agent_type"": ""ResearchRouter"", ""message"": ""{\""route\"": \""Summary\""}"", ""error"": null, ""evaluation_gt"": 1.0, ""perplexity"": 1.0001367460041564, ""total_time"": 2.6754239619986038, ""llm_time"": 1.0939113490003365, ""energy_consumed_kwh"": 1.2235644964341214e-05, ""cpu_energy_kwh"": 8.350617448931312e-07, ""gpu_energy_kwh"": 0.0, ""ram_energy_kwh"": 1.1400583219448082e-05, ""emissions_kg_co2"": 4.046548031316997e-06}, {""agent_type"": ""Summary"", ""message"": ""The Python 3.14 documentation states that `asyncio.TaskGroup` is a high-level API introduced in Python 3.11. It provides a modern and reliable way to manage groups of asynchronous tasks by acting as an asynchronous context manager. Tasks can be added to the group using the `create_task()` method, and when the context exits, all tasks within the group are automatically awaited. If any task raises an exception (other than `asyncio.CancelledError`), the remaining tasks are canceled, and exceptions are collected and raised as an `ExceptionGroup` or `BaseExceptionGroup`. This API enhances safety and correctness in concurrent task management by ensuring proper cleanup and exception handling.\n\nSource: [Python 3.14 asyncio documentation on TaskGroup](https://docs.python.org/3/library/asyncio-task.html)"", ""error"": null, ""evaluation_gt"": 0.74, ""perplexity"": 1.058565613497314, ""total_time"": 3.7385519159997784, ""llm_time"": 2.1859645080003247, ""energy_consumed_kwh"": 9.851880166719462e-06, ""cpu_energy_kwh"": 1.0407331444866166e-06, ""gpu_energy_kwh"": 0.0, ""ram_energy_kwh"": 8.811147022232844e-06, ""emissions_kg_co2"": 3.2581941049771272e-06}]}"
3,Baseline3,"{""answers"": [{""agent_type"": ""ResearchRouter"", ""message"": ""{\""route\"": \""Summary\""}"", ""error"": null, ""evaluation_gt"": 0.0, ""perplexity"": 1.00240505553136, ""total_time"": 2.2381801849987824, ""llm_time"": 0.651727911999842, ""energy_consumed_kwh"": 5.304370016349753e-06, ""cpu_energy_kwh"": 6.958377635708643e-07, ""gpu_energy_kwh"": 0.0, ""ram_energy_kwh"": 4.608532252778888e-06, ""emissions_kg_co2"": 1.7542506430671575e-06}, {""agent_type"": ""Summary"", ""message"": ""{\n  \""route\"": \""Summary\""\n}"", ""error"": null, ""evaluation_gt"": null, ""perplexity"": 1.120972540521665, ""total_time"": 2.2583533760007413, ""llm_time"": 0.6731295209992822, ""energy_consumed_kwh"": 5.370176527256342e-06, ""cpu_energy_kwh"": 7.017635272559127e-07, ""gpu_energy_kwh"": 0.0, ""ram_energy_kwh"": 4.668413000000429e-06, ""emissions_kg_co2"": 1.7760140407411629e-06}]}"
4,Baseline4,"{""answers"": [{""agent_type"": ""ResearchRouter"", ""message"": ""{\""route\"": \""WebSearch\""}"", ""error"": null, ""evaluation_gt"": 1.0, ""perplexity"": 1.000011462708757, ""total_time"": 2.883384468001168, ""llm_time"": 1.2931504320004024, ""energy_consumed_kwh"": 1.3757896649916046e-05, ""cpu_energy_kwh"": 1.7957186082497006e-06, ""gpu_energy_kwh"": 0.0, ""ram_energy_kwh"": 1.1962178041666345e-05, ""emissions_kg_co2"": 4.549984064266935e-06}, {""agent_type"": ""WebSearch"", ""message"": ""{\""route\"": \""Summary\""}"", ""error"": null, ""evaluation_gt"": 0.1, ""perplexity"": 1.120490753340794, ""total_time"": 4.588684337000814, ""llm_time"": 2.073296112997923, ""energy_consumed_kwh"": 1.1069646768631024e-05, ""cpu_energy_kwh"": 1.2524407214182256e-06, ""gpu_energy_kwh"": 0.0, ""ram_energy_kwh"": 9.817206047212798e-06, ""emissions_kg_co2"": 3.6609314400281152e-06}, {""agent_type"": ""ResearchRouter"", ""message"": ""{\""route\"": \""Summary\""}"", ""error"": null, ""evaluation_gt"": 1.0, ""perplexity"": 1.0010605024799326, ""total_time"": 2.332419915999708, ""llm_time"": 0.7491800940006215, ""energy_consumed_kwh"": 5.617087276010519e-06, ""cpu_energy_kwh"": 7.335901148968587e-07, ""gpu_energy_kwh"": 0.0, ""ram_energy_kwh"": 4.883497161113661e-06, ""emissions_kg_co2"": 1.857671869747647e-06}, {""agent_type"": ""Summary"", ""message"": ""The exact date and time of the Moon landing during the Apollo 11 mission was July 20, 1969, at 20:17 UTC."", ""error"": null, ""evaluation_gt"": 0.72, ""perplexity"": 1.066191086385832, ""total_time"": 3.2609795419994043, ""llm_time"": 1.7165682439990633, ""energy_consumed_kwh"": 7.1009207060485236e-06, ""cpu_energy_kwh"": 9.277309032658529e-07, ""gpu_energy_kwh"": 0.0, ""ram_energy_kwh"": 6.173189802782671e-06, ""emissions_kg_co2"": 2.3484022940629556e-06}]}"
5,Baseline5,"{""answers"": [{""agent_type"": ""ResearchRouter"", ""message"": ""{\""route\"": \""WebSearch\""}"", ""error"": null, ""evaluation_gt"": 1.0, ""perplexity"": 1.0000133806208014, ""total_time"": 2.4519284819998575, ""llm_time"": 0.8789662810013397, ""energy_consumed_kwh"": 6.026652017002779e-06, ""cpu_energy_kwh"": 7.871379308894227e-07, ""gpu_energy_kwh"": 0.0, ""ram_energy_kwh"": 5.239514086113357e-06, ""emissions_kg_co2"": 1.9931223017591253e-06}, {""agent_type"": ""WebSearch"", ""message"": ""The official Python documentation on decorators, such as PEP 318 and the Python.org resources, describes decorators as a design pattern that allows wrapping code around functions or classes to add new functionality without modifying the original code. They emphasize that decorators are a way to transform functions and methods, often used to implement features like static or class methods, and are considered a form of higher-order functions.\n\nIn contrast, Real Python's explanations focus on decorators as a means to modify or extend the behavior of functions and methods dynamically. They highlight that decorators are functions that take other functions as arguments and return modified versions, enabling code reuse and cleaner syntax. Real Python also provides practical insights, including how to create and use decorators, and discusses their role in writing more maintainable and expressive code.\n\n**Sources:**\n- Python official documentation: [PEP 318](https://peps.python.org/pep-0318/), [Python.org](https://docs.python.org/3/library/functions.html)\n- Real Python: [Primer on Python Decorators](https://realpython.com/primer-on-python-decorators/), [Python Decorators 101](https://realpython.com/courses/python-decorators-101/)"", ""error"": null, ""evaluation_gt"": 0.58, ""perplexity"": 1.2110650642863587, ""total_time"": 9.685854601000756, ""llm_time"": 6.447459299000911, ""energy_consumed_kwh"": 1.9225833903356916e-05, ""cpu_energy_kwh"": 2.2921252589163837e-06, ""gpu_energy_kwh"": 0.0, ""ram_energy_kwh"": 1.6933708644440534e-05, ""emissions_kg_co2"": 6.3583293368503926e-06}, {""agent_type"": ""ResearchRouter"", ""message"": ""{\""route\"": \""Summary\""}"", ""error"": null, ""evaluation_gt"": 1.0, ""perplexity"": 1.0000447613250805, ""total_time"": 2.518312584999876, ""llm_time"": 0.9714086450003379, ""energy_consumed_kwh"": 6.3230433292327835e-06, ""cpu_energy_kwh"": 8.262547542326745e-07, ""gpu_energy_kwh"": 0.0, ""ram_energy_kwh"": 5.496788575000109e-06, ""emissions_kg_co2"": 2.091144243757208e-06}, {""agent_type"": ""Summary"", ""message"": ""The official Python documentation describes decorators as a design pattern that allows wrapping code around functions or classes to add new functionality without modifying the original code. They are considered a way to transform functions and methods, often used for features like static or class methods, and are viewed as a form of higher-order functions (PEP 318).\n\nReal Python explains decorators as functions that take other functions as arguments and return modified versions, enabling dynamic behavior extension, code reuse, and cleaner syntax. They emphasize practical aspects, including how to create and use decorators, and their role in writing more maintainable and expressive code.\n\nSources:\n- Python official documentation: [PEP 318](https://peps.python.org/pep-0318/), [Python.org](https://docs.python.org/3/library/functions.html)\n- Real Python: [Primer on Python Decorators](https://realpython.com/primer-on-python-decorators/), [Python Decorators 101](https://realpython.com/courses/python-decorators-101/)"", ""error"": null, ""evaluation_gt"": 0.56, ""perplexity"": 1.0725640564081742, ""total_time"": 4.291216522999093, ""llm_time"": 2.7109309879997454, ""energy_consumed_kwh"": 8.661402706576237e-06, ""cpu_energy_kwh"": 1.1323979593503587e-06, ""gpu_energy_kwh"": 0.0, ""ram_energy_kwh"": 7.529004747225877e-06, ""emissions_kg_co2"": 2.86448178031348e-06}]}"
6,Baseline6,"{""answers"": [{""agent_type"": ""ResearchRouter"", ""message"": ""{\""route\"": \""WebSearch\""}"", ""error"": null, ""evaluation_gt"": 1.0, ""perplexity"": 1.0000098385278264, ""total_time"": 2.433073348000107, ""llm_time"": 0.8500005850000889, ""energy_consumed_kwh"": 5.9344537879327695e-06, ""cpu_energy_kwh"": 7.744061101556909e-07, ""gpu_energy_kwh"": 0.0, ""ram_energy_kwh"": 5.160047677777079e-06, ""emissions_kg_co2"": 1.9626306878375497e-06}, {""agent_type"": ""WebSearch"", ""message"": ""{\n  \""route\"": \""Summary\""\n}"", ""error"": null, ""evaluation_gt"": 0.02, ""perplexity"": 1.051606910503468, ""total_time"": 4.4585002019994135, ""llm_time"": 1.945826073999342, ""energy_consumed_kwh"": 9.302808041202724e-06, ""cpu_energy_kwh"": 1.215756013423967e-06, ""gpu_energy_kwh"": 0.0, ""ram_energy_kwh"": 8.087052027778757e-06, ""emissions_kg_co2"": 3.0766060697704826e-06}, {""agent_type"": ""ResearchRouter"", ""message"": ""{\""route\"": \""Summary\""}"", ""error"": null, ""evaluation_gt"": 1.0, ""perplexity"": 1.0002013436208883, ""total_time"": 3.3480593280000903, ""llm_time"": 1.8097125100011908, ""energy_consumed_kwh"": 7.396904134518111e-06, ""cpu_energy_kwh"": 9.657631678513687e-07, ""gpu_energy_kwh"": 0.0, ""ram_energy_kwh"": 6.431140966666742e-06, ""emissions_kg_co2"": 2.4462893415595605e-06}, {""agent_type"": ""Summary"", ""message"": ""The main differences between PostgreSQL 17 and PostgreSQL 18 are primarily related to performance improvements and feature enhancements. According to recent benchmarking and comparison sources:\n\n- PostgreSQL 18 offers a noticeable performance boost over version 17, with improvements observed in various real-world query scenarios. Upgrading to PostgreSQL 18 can make many everyday queries run faster without requiring schema changes or application rewrites.\n- The delta between the two versions is relatively small, but PostgreSQL 18 benefits from optimizations that enhance efficiency and speed.\n- Specific features added or improved in PostgreSQL 18 can be found in the official feature matrix, which details new capabilities and changes across versions.\n\nSources:\n- [PlanetScale Benchmarking Postgres 17 vs 18](https://planetscale.com/blog/benchmarking-postgres-17-vs-18)\n- [Cybertec PostgreSQL Stats Comparison](https://www.cybertec-postgresql.com/en/comparing-stats-postgresql-18-against-17/)\n- [Postgres Weekly Issue #620](https://postgresweekly.com/issues/620)\n- [Posette Conference Talk on Performance](https://posetteconf.com/2026/talks/postgresql-17-vs-18-side-by-side-performance-wins-in-real-world-queries/)\n\nIn summary, PostgreSQL 18 provides performance enhancements over 17, with minor feature updates, making it a recommended upgrade for better efficiency."", ""error"": null, ""evaluation_gt"": 0.12, ""perplexity"": 1.1866888594725968, ""total_time"": 5.926164931999665, ""llm_time"": 4.343813677000071, ""energy_consumed_kwh"": 1.3526499132688666e-05, ""cpu_energy_kwh"": 1.4630459604721494e-06, ""gpu_energy_kwh"": 0.0, ""ram_energy_kwh"": 1.2063453172216517e-05, ""emissions_kg_co2"": 4.47345674016453e-06}]}"
7,Baseline7,"{""answers"": [{""agent_type"": ""ResearchRouter"", ""message"": ""{\""route\"": \""WebSearch\""}"", ""error"": null, ""evaluation_gt"": 1.0, ""perplexity"": 1.000221903408453, ""total_time"": 2.1971656309997343, ""llm_time"": 0.6467364630007069, ""energy_consumed_kwh"": 5.287725432232475e-06, ""cpu_energy_kwh"": 6.901584516767629e-07, ""gpu_energy_kwh"": 0.0, ""ram_energy_kwh"": 4.597566980555712e-06, ""emissions_kg_co2"": 1.7487459794970598e-06}, {""agent_type"": ""WebSearch"", ""message"": ""Here is the information based on the web search results:\n\n- Coca-Cola was invented in **1886** by **Dr. John Pemberton**. He created the original formula and sold it as a soda fountain drink for five cents a glass.\n- The Coca-Cola Company's sales last year (2025) were approximately **$47.94 billion** in revenue.\n\nSources:\n1. Coca-Cola history: https://www.coca-colacompany.com/about-us/history\n2. Wikipedia on Coca-Cola: https://en.wikipedia.org/wiki/Coca-Cola\n3. Coca-Cola financials for 2025: https://stockanalysis.com/stocks/ko/revenue/"", ""error"": null, ""evaluation_gt"": 0.82, ""perplexity"": 1.1390592812435016, ""total_time"": 9.39839128300082, ""llm_time"": 4.947454458999346, ""energy_consumed_kwh"": 1.703117061826156e-05, ""cpu_energy_kwh"": 2.2268828738197016e-06, ""gpu_energy_kwh"": 0.0, ""ram_energy_kwh"": 1.480428774444186e-05, ""emissions_kg_co2"": 5.632514684530227e-06}, {""agent_type"": ""ResearchRouter"", ""message"": ""{\""route\"": \""Summary\""}"", ""error"": null, ""evaluation_gt"": 1.0, ""perplexity"": 1.0000046712267343, ""total_time"": 2.509099029999561, ""llm_time"": 0.9550545389993204, ""energy_consumed_kwh"": 6.272960798710733e-06, ""cpu_energy_kwh"": 8.218377487071927e-07, ""gpu_energy_kwh"": 0.0, ""ram_energy_kwh"": 5.45112305000354e-06, ""emissions_kg_co2"": 2.074581049428016e-06}, {""agent_type"": ""Summary"", ""message"": ""Coca-Cola was invented in 1886 by Dr. John Pemberton. The company's sales last year (2025) were approximately $47.94 billion."", ""error"": null, ""evaluation_gt"": 0.62, ""perplexity"": 1.0292121050793417, ""total_time"": 2.4438640940006735, ""llm_time"": 0.902748688000429, ""energy_consumed_kwh"": 6.100734456617318e-06, ""cpu_energy_kwh"": 7.964442927277513e-07, ""gpu_energy_kwh"": 0.0, ""ram_energy_kwh"": 5.304290163889567e-06, ""emissions_kg_co2"": 2.017622698023566e-06}]}"
8,Baseline8,"{""answers"": [{""agent_type"": ""ResearchRouter"", ""message"": ""{\""route\"": \""WebSearch\""}"", ""error"": null, ""evaluation_gt"": 1.0, ""perplexity"": 1.0000020966428749, ""total_time"": 2.4334137000005285, ""llm_time"": 0.852864630998738, ""energy_consumed_kwh"": 5.941794155129353e-06, ""cpu_energy_kwh"": 7.757565190175808e-07, ""gpu_energy_kwh"": 0.0, ""ram_energy_kwh"": 5.166037636111772e-06, ""emissions_kg_co2"": 1.9650582793960692e-06}, {""agent_type"": ""WebSearch"", ""message"": ""{\n  \""route\"": \""Summary\"",\n  \""result\"": \""Prompt injection attacks are cybersecurity exploits targeting large language models (LLMs) by manipulating input prompts to cause unintended behavior. These attacks exploit the 'semantic gap' where both system prompts and user inputs are in natural language, making it possible for malicious inputs to influence the model's output. There are direct and indirect forms of prompt injection, with defenses needed throughout the AI system lifecycle to mitigate risks. Key sources include OWASP, Wikipedia, Microsoft, and cybersecurity blogs, which detail attack methods, examples, and defense strategies.\""\n}"", ""error"": null, ""evaluation_gt"": 0.32, ""perplexity"": 1.203843582057006, ""total_time"": 6.486239842000941, ""llm_time"": 3.9532843659999344, ""energy_consumed_kwh"": 1.2462724532517378e-05, ""cpu_energy_kwh"": 1.628213074182858e-06, ""gpu_energy_kwh"": 0.0, ""ram_energy_kwh"": 1.083451145833452e-05, ""emissions_kg_co2"": 4.1216473319450824e-06}, {""agent_type"": ""ResearchRouter"", ""message"": ""{\""route\"": \""Summary\""}"", ""error"": null, ""evaluation_gt"": 1.0, ""perplexity"": 1.0000075718667445, ""total_time"": 2.4117047149993596, ""llm_time"": 0.8297398289996636, ""energy_consumed_kwh"": 5.873915229920824e-06, ""cpu_energy_kwh"": 7.668549104756937e-07, ""gpu_energy_kwh"": 0.0, ""ram_energy_kwh"": 5.10706031944513e-06, ""emissions_kg_co2"": 1.942609497008955e-06}, {""agent_type"": ""Summary"", ""message"": ""Prompt injection attacks are cybersecurity exploits that manipulate the input prompts of large language models (LLMs) to cause unintended or malicious behavior. These attacks exploit the \""semantic gap\"" where both system prompts and user inputs are in natural language, making it possible for malicious inputs to influence the model's output. There are two main types: direct and indirect prompt injection. Defense strategies involve implementing controls throughout the AI system lifecycle to mitigate risks. Key authoritative sources include OWASP, Wikipedia, Microsoft, and cybersecurity blogs, which provide detailed explanations, attack examples, and defense mechanisms."", ""error"": null, ""evaluation_gt"": 0.22, ""perplexity"": 1.1474756706839584, ""total_time"": 3.515761440999995, ""llm_time"": 1.9320426400008728, ""energy_consumed_kwh"": 7.795651598086779e-06, ""cpu_energy_kwh"": 1.0200050592006062e-06, ""gpu_energy_kwh"": 0.0, ""ram_energy_kwh"": 6.775646538886173e-06, ""emissions_kg_co2"": 2.5781623052160634e-06}]}"
9,Baseline9,"{""answers"": [{""agent_type"": ""ResearchRouter"", ""message"": ""{\""route\"": \""CommonKnowledge\""}"", ""error"": null, ""evaluation_gt"": 1.0, ""perplexity"": 1.000172203861961, ""total_time"": 2.3457275049986492, ""llm_time"": 0.7985434950005583, ""energy_consumed_kwh"": 5.770170891604388e-06, ""cpu_energy_kwh"": 7.533532777125208e-07, ""gpu_energy_kwh"": 0.0, ""ram_energy_kwh"": 5.0168176138918675e-06, ""emissions_kg_co2"": 1.9082993769296202e-06}, {""agent_type"": ""CommonKnowledge"", ""message"": ""The ARCO research workflow decides whether to search the web or answer from general knowledge based on the nature of the question. If the question requires current, specific, or source-based information, the workflow routes the query to WebSearch. If the question is stable, general knowledge that doesn't change frequently, or architecture-related, it routes to CommonKnowledge. The routing agent chooses the appropriate path based on these criteria, ensuring efficient and relevant responses."", ""error"": null, ""evaluation_gt"": 0.75, ""perplexity"": 1.2069995514991065, ""total_time"": 3.8817507139992813, ""llm_time"": 2.29982413200014, ""energy_consumed_kwh"": 1.0219649277600766e-05, ""cpu_energy_kwh"": 1.0439009387060006e-06, ""gpu_energy_kwh"": 0.0, ""ram_energy_kwh"": 9.175748338894766e-06, ""emissions_kg_co2"": 3.3798219697895704e-06}]}"
