name,description,changes,metrics_by_agent
Retriever_low_temp,low_temp_setting for the retriever,{'Retriever': {'temp_min': 0.2}},"{""Planner"": {""evaluation_gt"": 1.0, ""perplexity"": 1.028346066831198, ""total_time"": 2.658309794250272, ""llm_time"": 1.8085522805004075, ""cpu_energy_kwh"": 1.1975160631630804e-05, ""ram_energy_kwh"": 1.8158279229166713e-05, ""emissions_kg_co2"": 2.742428815076798e-05}, ""Retriever"": {""evaluation_gt"": 1.0, ""perplexity"": 1.0002277316885682, ""total_time"": 40.72205788299834, ""llm_time"": 34.46546372049852, ""cpu_energy_kwh"": 7.701798407297003e-05, ""ram_energy_kwh"": 9.487939093473365e-05, ""emissions_kg_co2"": 0.00016743568057329736}, ""Analyzer"": {""evaluation_gt"": 0.6875, ""perplexity"": 1.31410857998059, ""total_time"": 14.323848906000421, ""llm_time"": 10.96766597200076, ""cpu_energy_kwh"": 4.960118726903948e-05, ""ram_energy_kwh"": 3.0193738408343053e-05, ""emissions_kg_co2"": 9.067569095925991e-05}, ""Visualizer"": {""evaluation_gt"": 0.7875000000000001, ""perplexity"": 1.0026358440374372, ""total_time"": 36.21824662900144, ""llm_time"": 29.271403647499028, ""cpu_energy_kwh"": 5.945887559627633e-05, ""ram_energy_kwh"": 8.077055362359715e-05, ""emissions_kg_co2"": 0.00038138536296525397}}"
Retriever_mid_temp,mid_temp_setting for the retriever,{'Retriever': {'temp_min': 0.6}},"{""Planner"": {""evaluation_gt"": 1.0, ""total_time"": 1.528511807498944, ""llm_time"": 0.6869759181245172, ""cpu_energy_kwh"": 5.540981699049694e-06, ""ram_energy_kwh"": 7.5541090319499445e-06, ""emissions_kg_co2"": 4.000499395127688e-05, ""perplexity"": 1.0091081223749239}, ""Retriever"": {""evaluation_gt"": 1.0, ""perplexity"": 1.0009219426854519, ""total_time"": 32.039761385998645, ""llm_time"": 28.349520999499873, ""cpu_energy_kwh"": 5.554176542110794e-05, ""ram_energy_kwh"": 7.837829464308216e-05, ""emissions_kg_co2"": 0.0004143735718302738}, ""Analyzer"": {""evaluation_gt"": 0.875, ""perplexity"": 1.086967827984899, ""total_time"": 22.51362718400196, ""llm_time"": 19.126314789999014, ""cpu_energy_kwh"": 3.7037966555384745e-05, ""ram_energy_kwh"": 5.287287346529108e-05, ""emissions_kg_co2"": 0.00027937395682419125}, ""Visualizer"": {""evaluation_gt"": 0.70625, ""perplexity"": 1.04006095932113, ""total_time"": 70.4248013004999, ""llm_time"": 63.58583785849987, ""cpu_energy_kwh"": 0.00013830166426659793, ""ram_energy_kwh"": 0.0001755658580680473, ""emissions_kg_co2"": 0.0008304778580586444}}"
Retriever_high_temp,high_temp_setting for the retriever,{'Retriever': {'temp_min': 1}},"{""Planner"": {""evaluation_gt"": 1.0, ""perplexity"": 1.0000001421339109, ""total_time"": 3.1256153925000945, ""llm_time"": 2.2858136694999303, ""cpu_energy_kwh"": 1.8055289088402748e-05, ""ram_energy_kwh"": 2.5235927806938386e-05, ""emissions_kg_co2"": 0.00014143490469273936}, ""Retriever"": {""evaluation_gt"": 1.0, ""perplexity"": 1.0061805692715287, ""total_time"": 45.50550168200061, ""llm_time"": 41.81138426600228, ""cpu_energy_kwh"": 7.923395317933759e-05, ""ram_energy_kwh"": 0.00011563626217083666, ""emissions_kg_co2"": 0.0005281061943216036}, ""Analyzer"": {""evaluation_gt"": 0.9375, ""perplexity"": 1.0445154898947924, ""total_time"": 28.435104456499175, ""llm_time"": 25.049970298998232, ""cpu_energy_kwh"": 4.7980806638473015e-05, ""ram_energy_kwh"": 6.926398413471462e-05, ""emissions_kg_co2"": 0.00037144892056026433}, ""Visualizer"": {""evaluation_gt"": 0.8125, ""perplexity"": 1.0143317076565017, ""total_time"": 24.872393968500546, ""llm_time"": 18.00843436300056, ""cpu_energy_kwh"": 3.529920223789786e-05, ""ram_energy_kwh"": 4.972629396528545e-05, ""emissions_kg_co2"": 0.0002676060158276922}}"
Analyzer_low_temp,low_temp_setting for the retriever,{'Analyzer': {'temp_min': 0.2}},"{""Planner"": {""evaluation_gt"": 1.0, ""perplexity"": 1.0035987871823222, ""total_time"": 4.381236586749765, ""llm_time"": 3.5304803505000564, ""cpu_energy_kwh"": 2.816460196774599e-05, ""ram_energy_kwh"": 3.900899991387329e-05, ""emissions_kg_co2"": 0.00020349198382896456}, ""Retriever"": {""evaluation_gt"": 1.0, ""perplexity"": 1.0232371848117796, ""total_time"": 16.617973497002822, ""llm_time"": 12.941517638000732, ""cpu_energy_kwh"": 2.5294883928682418e-05, ""ram_energy_kwh"": 3.57349624986202e-05, ""emissions_kg_co2"": 0.00019695340796142797}, ""Analyzer"": {""evaluation_gt"": 0.9375, ""perplexity"": 1.016219746560378, ""total_time"": 9.48551942499762, ""llm_time"": 6.093292168998232, ""cpu_energy_kwh"": 1.1999758028126208e-05, ""ram_energy_kwh"": 1.679352134860387e-05, ""emissions_kg_co2"": 9.110426693958887e-05}, ""Visualizer"": {""evaluation_gt"": 0.7875000000000001, ""perplexity"": 1.017181940871761, ""total_time"": 404.71339974449984, ""llm_time"": 397.8660737480004, ""cpu_energy_kwh"": 0.0007806147028036458, ""ram_energy_kwh"": 0.0011006730986542253, ""emissions_kg_co2"": 0.005873579774140179}}"
Analyzer_mid_temp,mid_temp_setting for the retriever,{'Analyzer': {'temp_min': 0.6}},"{""Planner"": {""evaluation_gt"": 1.0, ""perplexity"": 1.0, ""total_time"": 3.705318601750605, ""llm_time"": 2.8545165648752118, ""cpu_energy_kwh"": 2.2796887434994064e-05, ""ram_energy_kwh"": 3.154294685971561e-05, ""emissions_kg_co2"": 0.00016334595347217588}, ""Retriever"": {""evaluation_gt"": 1.0, ""perplexity"": 1.0006549524341521, ""total_time"": 44.0579770330005, ""llm_time"": 40.32855612049934, ""cpu_energy_kwh"": 7.961993187746052e-05, ""ram_energy_kwh"": 0.00011150898090698623, ""emissions_kg_co2"": 0.0006159815576725442}, ""Analyzer"": {""evaluation_gt"": 0.5, ""perplexity"": 1.091501322607622, ""total_time"": 11.502792818999296, ""llm_time"": 8.099486962999435, ""cpu_energy_kwh"": 1.5834406674225e-05, ""ram_energy_kwh"": 2.2365836741659623e-05, ""emissions_kg_co2"": 0.000125971484167327}, ""Visualizer"": {""evaluation_gt"": 0.7875000000000001, ""perplexity"": 1.005742066858682, ""total_time"": 230.67823093849802, ""llm_time"": 223.9184188470008, ""cpu_energy_kwh"": 0.00044060915225707263, ""ram_energy_kwh"": 0.0006207867713541265, ""emissions_kg_co2"": 0.0034205425565312446}}"
Analyzer_high_temp,high_temp_setting for the retriever,{'Analyzer': {'temp_min': 1}},"{""Planner"": {""evaluation_gt"": 1.0, ""perplexity"": 1.0030434463010192, ""total_time"": 2.073396559875164, ""llm_time"": 1.2238538253750448, ""cpu_energy_kwh"": 9.600102218023838e-06, ""ram_energy_kwh"": 1.348042763889781e-05, ""emissions_kg_co2"": 7.684554355170603e-05}, ""Retriever"": {""evaluation_gt"": 1.0, ""perplexity"": 1.0095270904990634, ""total_time"": 15.903764193499228, ""llm_time"": 12.0985083329997, ""cpu_energy_kwh"": 2.301396828795432e-05, ""ram_energy_kwh"": 3.3427329370821704e-05, ""emissions_kg_co2"": 0.0001893954150535314}, ""Analyzer"": {""evaluation_gt"": 0.8125, ""perplexity"": 1.2359567679164067, ""total_time"": 13.309578768998108, ""llm_time"": 9.977753274999486, ""cpu_energy_kwh"": 1.9067440466788056e-05, ""ram_energy_kwh"": 2.7534946324986876e-05, ""emissions_kg_co2"": 0.00015821520053781944}, ""Visualizer"": {""evaluation_gt"": 0.70625, ""perplexity"": 1.0140466838776443, ""total_time"": 46.55466938450081, ""llm_time"": 39.80921465999745, ""cpu_energy_kwh"": 7.662373720971031e-05, ""ram_energy_kwh"": 0.00011005057861248638, ""emissions_kg_co2"": 0.0005969726493586119}}"
Visualizer_low_temp,low_temp_setting for the retriever,{'Visualizer': {'temp_min': 0.2}},"{""Planner"": {""evaluation_gt"": 1.0, ""perplexity"": 1.0, ""total_time"": 2.1436110234994885, ""llm_time"": 1.3062425642497146, ""cpu_energy_kwh"": 1.0305635843973135e-05, ""ram_energy_kwh"": 1.4389401830557188e-05, ""emissions_kg_co2"": 7.758559213330194e-05}, ""Retriever"": {""evaluation_gt"": 1.0, ""perplexity"": 1.0011194517448767, ""total_time"": 112.94580172300084, ""llm_time"": 109.29356217350141, ""cpu_energy_kwh"": 0.00021786572099206488, ""ram_energy_kwh"": 0.00030232214109170066, ""emissions_kg_co2"": 0.001741724828715585}, ""Analyzer"": {""evaluation_gt"": 0.9375, ""perplexity"": 1.0687443346388124, ""total_time"": 13.931527257002017, ""llm_time"": 10.566275803499593, ""cpu_energy_kwh"": 2.0362125385725727e-05, ""ram_energy_kwh"": 2.9144381272216277e-05, ""emissions_kg_co2"": 0.00016639357137606683}, ""Visualizer"": {""evaluation_gt"": 0.8125, ""perplexity"": 1.0015742624591797, ""total_time"": 24.785157989499567, ""llm_time"": 18.075894326999332, ""cpu_energy_kwh"": 3.466536899818607e-05, ""ram_energy_kwh"": 4.9878297695840946e-05, ""emissions_kg_co2"": 0.00028173874780584775}}"
Visualizer_mid_temp,mid_temp_setting for the retriever,{'Visualizer': {'temp_min': 0.6}},"{""Planner"": {""evaluation_gt"": 1.0, ""perplexity"": 1.0000251360041608, ""total_time"": 1.941208725749675, ""llm_time"": 1.1114466720000564, ""cpu_energy_kwh"": 8.839621446142994e-06, ""ram_energy_kwh"": 1.2233847161102554e-05, ""emissions_kg_co2"": 7.014157063162675e-05}, ""Retriever"": {""evaluation_gt"": 1.0, ""perplexity"": 1.0034182395341245, ""total_time"": 140.52159572550045, ""llm_time"": 136.8513049680023, ""cpu_energy_kwh"": 0.00027252543503914243, ""ram_energy_kwh"": 0.00037852098208200993, ""emissions_kg_co2"": 0.0021245846788465576}, ""Analyzer"": {""evaluation_gt"": 0.875, ""perplexity"": 1.2222074732864452, ""total_time"": 14.333163216499088, ""llm_time"": 10.90538973349976, ""cpu_energy_kwh"": 2.168788545401273e-05, ""ram_energy_kwh"": 3.0102478633317436e-05, ""emissions_kg_co2"": 0.0001745995073073429}, ""Visualizer"": {""evaluation_gt"": 0.7875000000000001, ""perplexity"": 1.0301312817408466, ""total_time"": 33.38658807499996, ""llm_time"": 26.67289327349863, ""cpu_energy_kwh"": 5.214369892633073e-05, ""ram_energy_kwh"": 7.366553583611778e-05, ""emissions_kg_co2"": 0.000367302767567159}}"
Visualizer_high_temp,high_temp_setting for the retriever,{'Visualizer': {'temp_min': 1}},"{""Planner"": {""evaluation_gt"": 1.0, ""perplexity"": 1.0003053363251386, ""total_time"": 3.024018521624839, ""llm_time"": 2.188535185499859, ""cpu_energy_kwh"": 1.7136920005533022e-05, ""ram_energy_kwh"": 2.4149366718054607e-05, ""emissions_kg_co2"": 9.679154538030669e-05}, ""Retriever"": {""evaluation_gt"": 1.0, ""perplexity"": 1.0018824837747844, ""total_time"": 17.542556447000607, ""llm_time"": 13.878182160999131, ""cpu_energy_kwh"": 2.7737459164659706e-05, ""ram_energy_kwh"": 3.8318866979175756e-05, ""emissions_kg_co2"": 0.0001790198253755314}, ""Analyzer"": {""evaluation_gt"": 0.9375, ""perplexity"": 1.0925320583982576, ""total_time"": 16.238551691500106, ""llm_time"": 12.855953091000629, ""cpu_energy_kwh"": 2.465689642504877e-05, ""ram_energy_kwh"": 3.5505266073616644e-05, ""emissions_kg_co2"": 0.00016646305255854182}, ""Visualizer"": {""evaluation_gt"": 0.70625, ""perplexity"": 1.0459210559628112, ""total_time"": 130.92557483650126, ""llm_time"": 124.11290922999615, ""cpu_energy_kwh"": 0.0002479519596379099, ""ram_energy_kwh"": 0.00034325440429578433, ""emissions_kg_co2"": 0.001540136971411958}}"
